{
  "bot": {
    "name": "HmmBot",
    "version": "1.0.0",
    "description": "Bot Discord multitâches avec interface web d'administration"
  },
  "webui": {
    "port": 25584,
    "password": "admin",
    "jwt_secret": "supersecret",
    "session_duration": "2h"
  },
  "logs": {
    "create_test_logs_on_startup": false,
    "max_log_files": 30,
    "max_memory_logs": 1000,
    "log_level": "info",
    "auto_cleanup": true
  },
  "features": {
    "tickets": {
      "enabled": true,
      "auto_transcript": true,
      "max_tickets_per_user": 3
    },
    "economy": {
      "enabled": true,
      "daily_amount": 250,
      "currency_name": "coins"
    },
    "moderation": {
      "enabled": true,
      "auto_log": true,
      "dm_on_action": true
    }
  },
  "discord": {
    "guild_id": "",
    "log_channel": "",
    "admin_roles": []
  },
  "channels": {
    "logs": "1309843028680380417",
    "welcome": "1196083566187130890",
    "goodbye": "1268879176048316459",
    "moderation": "1309843028680380417",
    "economy": "1309843028680380417",
    "voice_logs": "1309843028680380417",
    "general": "1195747655725351004"
  },
  "roles": {
    "moderator": "1195755405146587238",
    "admin": "1195758890885853285",
    "member": "1196512752408199178",
    "muted": "1330205865290109040",
    "vip": "1196077808754098246"
  },
  "moderation": {
    "clear_response_delay": "5000",
    "max_timeout_duration": "28d",
    "auto_delete_clear_response": "false",
    "dm_on_punishment": "true",
    "log_all_actions": "true"
  },
  "economy": {
    "daily_amount": "250",
    "work_min": "50",
    "work_max": 500,
    "rob_success_rate": "0.3",
    "rob_min": "10",
    "rob_max": "100"
  },
  "voice": {
    "track_voice_time": "true",
    "coins_per_minute": "5"
  },
  "ticket": {
    "enabled": true,
    "category": "1204480731330379816",
    "support_role": "1251836754885869568",
    "transcript_channel": "1385505709675778070",
    "ticket_limit": 1,
    "message": "Merci de créer un ticket pour contacter le support.",
    "close_message": "Votre ticket a été fermé. Merci de nous avoir contactés.",
    "log_transcripts": true,
    "log_all_actions": true,
    "auto_close": false,
    "auto_close_delay": 3600,
    "custom_fields": [],
    "panel": {
      "channel": "1346801601620475905",
      "embed_title": "Support - Créer un ticket",
      "embed_text": "Cliquez sur le bouton ci-dessous pour ouvrir un ticket et contacter notre équipe de support.",
      "selection_type": "dropdown",
      "button_label": "Ouvrir un ticket",
      "button_color": "Primary",
      "dropdown_options": [
        "Support général",
        "Signalement",
        "Demande de partenariat",
        "Autre"
      ],
      "welcome_message": "Bienvenue dans votre ticket ! Un membre de notre équipe va vous répondre sous peu.",
      "confirm_before_delete": true
    }
  }
}