{
  "channels": {
    "logs": "1360908289126432868",
    "welcome": "1384568086333493440",
    "goodbye": "1384568086333493440",
    "moderation": "1384568086333493440",
    "economy": "1384568086333493440",
    "voice_logs": "1360908289126432868",
    "general": "1384568086333493440"
  },
  "roles": {
    "moderator": "1384570302050340895",
    "admin": "1384570252989562890",
    "member": "1384570323013206177",
    "muted": "1384570342923833416",
    "vip": "1384570382991884430"
  },
  "moderation": {
    "auto_delete_clear_response": "true",
    "clear_response_delay": "5000",
    "dm_on_punishment": "true",
    "log_all_actions": "true",
    "max_timeout_duration": "28d"
  },
  "economy": {
    "daily_amount": "250",
    "work_min": "50",
    "work_max": "200",
    "rob_success_rate": "0.3",
    "rob_min": "10",
    "rob_max": "100"
  },
  "voice": {
    "track_voice_time": "true",
    "coins_per_minute": "5"
  }
}