{
  "c64967bd-c05c-400c-bfea-e772b2c4b653": {
    "id": "c64967bd-c05c-400c-bfea-e772b2c4b653",
    "name": "Resp équipes",
    "color": "#e01b24",
    "permissions": {
      "dashboard": [
        "view"
      ],
      "tickets": [
        "view",
        "edit"
      ],
      "moderation": [
        "view",
        "edit"
      ],
      "economy": [
        "view",
        "edit"
      ],
      "channels": [
        "view",
        "edit"
      ],
      "roles": [
        "view",
        "edit"
      ],
      "logs": [
        "view"
      ],
      "embeds": [
        "view",
        "edit"
      ],
      "config": [
        "view",
        "edit"
      ],
      "users": [
        "view",
        "create",
        "edit",
        "delete",
        "manage_roles"
      ]
    },
    "isSystem": false,
    "createdAt": "2025-06-21T11:41:38.515Z",
    "createdBy": "superadmin",
    "updatedAt": "2025-06-21T12:00:12.527Z"
  },
  "01e35845-b0f2-4a9a-ba97-2d9b0b89175c": {
    "id": "01e35845-b0f2-4a9a-ba97-2d9b0b89175c",
    "name": "Owner",
    "color": "#a51d2d",
    "permissions": {
      "dashboard": [
        "view"
      ],
      "tickets": [
        "view",
        "edit"
      ],
      "moderation": [
        "view",
        "edit"
      ],
      "economy": [
        "view",
        "edit"
      ],
      "channels": [
        "view",
        "edit"
      ],
      "roles": [
        "view",
        "edit"
      ],
      "logs": [
        "view"
      ],
      "embeds": [
        "view",
        "edit"
      ],
      "config": [
        "view",
        "edit"
      ],
      "users": [
        "view",
        "create",
        "edit",
        "delete",
        "manage_roles"
      ]
    },
    "isSystem": false,
    "createdAt": "2025-06-21T11:58:20.654Z",
    "createdBy": "superadmin"
  }
}